Las Vegas,4930
Phoenix,3083
Montréal,2546
Charlotte,2003
Pittsburgh,1489
Edinburgh,1266
Scottsdale,1232
Mesa,944
Madison,844
Tempe,816
Henderson,682
Chandler,682
Glendale,559
Karlsruhe,462
Gilbert,415
Peoria,293
North Las Vegas,262
Champaign,208
Waterloo,200
Laval,177
Surprise,172
Kitchener,161
Matthews,147
Goodyear,143
Avondale,135
Fort Mill,120
Queen Creek,110
Urbana,104
Middleton,94
Casa Grande,88
Concord,76
Cave Creek,73
Verdun,68
Buckeye,64
Maricopa,61
Fountain Hills,59
Apache Junction,58
Sun Prairie,57
Brossard,55
Saint-Laurent,51
Fitchburg,50
Montreal,45
Pineville,44
Dollard-des-Ormeaux,41
Monona,41
Wickenburg,40
Sun City,37
Anthem,37
Ettlingen,37
Belmont,35
Pointe-Claire,34
Litchfield Park,33
Indian Trail,33
San Tan Valley,33
Lasalle,32
Laveen,30
Westmount,28
Homestead,28
Tolleson,28
Dorval,28
Carnegie,27
Paradise Valley,27
Verona,26
Longueuil,24
Pierrefonds,23
Outremont,23
Mint Hill,21
Carefree,21
Lachine,20
Kirkland,20
Florence,19
El Mirage,19
Harrisburg,19
West Mifflin,19
Dollard-Des-Ormeaux,19
Gold Canyon,18
Waunakee,14
Saint-Leonard,13
Mount Holly,13
Bellevue,13
Eggenstein-Leopoldshafen,11
Boulder City,11
De Forest,11
Sun City West,11
Rheinstetten,11
Tega Cay,10
Pfinztal,10
Gila Bend,10
Saint-Lambert,10
Munhall,10
McKees Rocks,9
Huntersville,9
Coolidge,9
Sun Lakes,8
Durmersheim,8
Stallings,8
Cottage Grove,8
Mc Kees Rocks,7
Mc Farland,7
Mount Lebanon,7
Mont-Royal,7
Weingarten,7
Musselburgh,7
La Prairie,7
N Las Vegas,7
DeForest,7
Boisbriand,7
Wörth am Rhein,7
Saint-Eustache,6
Waldbronn,6
Sainte-Anne-De-Bellevue,6
Paradise,6
Youngtown,6
Terrebonne,6
Dalkeith,6
Anjou,6
Bridgeville,6
McFarland,6
Greenfield Park,6
South Queensferry,5
Higley,5
Karlsbad,5
New River,5
Old Town,5
Rosemere,5
Beaconsfield,5
West Homestead,5
Stutensee,5
Cambridge,4
Vimont,4
Aspinwall,4
Ahwatukee,4
Fort McDowell,4
Guadalupe,4
Tonopah,4
Crafton,4
Wesley Chapel,4
Hagenbach,4
Lake Wylie,4
Savoy,4
Saint Laurent,4
Pointe-Aux-Trembles,3
Weingarten (Baden),3
Tonto Basin,3
Morristown,3
Montreal-Nord,3
Indian Land,3
Spring Valley,3
Sharpsburg,3
Laveen Village,3
Brentwood,3
La Salle,3
Juniper Green,3
Rosemère,3
Windsor,3
Sainte-Anne-de-Bellevue,3
Sainte-Thérèse,3
Nellis AFB,3
Wilkinsburg,3
St Jacobs,3
Bietigheim,3
New Town,3
Montréal-Nord,2
St-Leonard,2
Leith,2
Conestogo,2
Stoughton,2
Clover,2
Cote-Saint-Luc,2
Concord Mills,2
Neuburg am Rhein,2
Fort Mcdowell,2
Heidelberg,2
Castle Shannon,2
Jockgrim,2
LaSalle,2
Las Vegas ,2
Bellvue,2
Blainville,2
Queensferry,2
Scottdale,2
N. Las Vegas,2
Dravosburg,2
Montreal-West,2
Inverkeithing,2
Rock Hill,2
L'Île-Bizard,2
Stockbridge,2
Mckees Rocks,2
Swissvale,2
Dollard-Des Ormeaux,2
Saint-Hubert,2
Pheonix,2
Bruchsal,1
Bloomfield,1
Montreal-Est,1
Edimbourg,1
Montréal-Ouest,1
Lasswade,1
Nellis Afb,1
Newbridge,1
Glasgow,1
Whitehall,1
Montreal-Ouest,1
LasVegas,1
Lachenaie,1
Black Canyon City,1
Bocholt,1
Fabreville,1
Weddington,1
Green Tree,1
East Liberty,1
Shorewood Hills,1
Monroe,1
Millvale,1
Arlington,1
Montgomery,1
Maricopa AZ,1
New Dundee,1
Mount Washington,1
South Mountain,1
Brookline,1
North Scottsdale,1
Green Valley,1
Downtown,1
Central City,1
City of Edinburgh,1
Burrito King,1
Ft. Mill,1
Edgewood,1
St-Laurent,1
South Gyle,1
Sainte-Therese,1
Enterprise,1
Bois-Des-Filion,1
Oakland,1
Balerno,1
phoenix,1
Blawnox,1
Cramond Bridge,1
St. Jacobs,1
Phoenix Sky Harbor Center,1
Repentigny,1
Lawrenceville,1
Baie-D'urfe,1
Shadyside,1
Kahnawake,1
Mt. Oliver Boro,1
Gelndale,1
Allentown,1
Sedona,1
Summerlin South,1
Glendale Az,1
Loanhead,1
Roxboro,1
Mcfarland,1
Regent Square,1
Tortilla Flat,1
Lower Lawrenceville,1
Stowe Township,1
Mt. Lebanon,1
Queen Valley,1
Communauté-Urbaine-de-Montréal,1
Dallas,1
Mesa AZ,1
Deux-Montagnes,1
"Chomedey, Laval",1
West Las Vegas,1
Asheville,1
Dane,1
Rio Verde,1
Central,1
Mattews,1
Currie,1
Sainte-Genevieve,1
McAdenville,1
Sun PrairieÊ,1
Saint-laurent,1
Mascouche,1
Stutensee-Blankenloch,1
Montéal,1
Fort  Mill,1
Portobello,1
Ste-Rose,1
Squirrel Hill,1
Québec,1
Saint-Henri,1
Rheinstetten-Mörsch,1
North Queensferry,1
Central City Village,1
NELLIS AFB,1
Bruntsfield,1
Saint Leonard,1
glendale,1
Braddock,1
Ratho,1
Gaston,1
St Leonard,1
